{
  "A": [
    [
      0.0,
      0.0,
      0.0,
      0.0,
      1.0,
      1.0
    ],
    [
      0.414477736,
      0.271316528,
      0.0,
      0.0,
      1.0,
      1.0
    ],
    [
      1.31202078,
      0.08552414,
      0.00266695884,
      0.00266695884,
      0.550823152,
      0.333333343
    ],
    [
      1.95415771,
      0.144871265,
      0.00844105147,
      0.00844105147,
      0.5894687,
      0.333333343
    ],
    [
      2.466,
      0.0,
      0.0,
      0.0,
      1.0,
      1.0
    ]
  ],
  "I": [
    [
      0.0,
      0.0,
      0.0,
      0.0,
      1.0,
      1.0
    ],
    [
      2.466,
      0.0,
      0.0,
      0.0,
      1.0,
      1.0
    ]
  ],
  "U": [
    [
      0.0,
      0.0,
      0.0,
      0.0,
      1.0,
      1.0
    ],
    [
      2.466,
      0.0,
      0.0,
      0.0,
      1.0,
      1.0
    ]
  ],
  "E": [
    [
      0.0,
      0.0,
      0.0,
      0.0,
      1.0,
      1.0
    ],
    [
      2.466,
      0.0,
      0.0,
      0.0,
      1.0,
      1.0
    ]
  ],
  "O": [
    [
      0.0,
      0.0,
      0.0,
      0.0,
      1.0,
      1.0
    ],
    [
      1.2034198,
      0.000670625945,
      0.0005112761,
      0.0005112761,
      0.620816052,
      0.680464268
    ],
    [
      1.7004298,
      0.06743393,
      0.1662701,
      0.1662701,
      0.333333343,
      0.4836819
    ],
    [
      1.8512938,
      0.0787530839,
      0.0,
      0.0,
      1.0,
      1.0
    ],
    [
      2.069727,
      0.0409319066,
      -0.749909461,
      -0.749909461,
      0.333333343,
      0.319334984
    ],
    [
      2.17805552,
      0.0,
      -6.509845E-05,
      -6.509845E-05,
      1.0,
      0.333333343
    ],
    [
      2.466,
      0.0,
      0.0,
      0.0,
      1.0,
      1.0
    ]
  ]
}