{
  "A": [
    [
      0.0,
      0.0,
      0.0,
      0.0,
      1.0,
      1.0
    ],
    [
      0.133,
      0.0,
      0.0,
      0.0,
      1.0,
      1.0
    ],
    [
      0.247330725,
      0.04481384,
      0.322101176,
      0.322101176,
      1.0,
      0.422873169
    ],
    [
      0.44899258,
      0.07831402,
      -0.0127696544,
      -0.0127696544,
      1.0,
      0.990548849
    ],
    [
      0.711987853,
      0.04139912,
      -0.321903139,
      -0.321903139,
      1.0,
      1.0
    ],
    [
      0.909669161,
      0.02802644,
      -0.0009961111,
      -0.0009961111,
      0.495025635,
      0.241239026
    ],
    [
      1.4,
      0.075,
      0.0,
      0.0,
      1.0,
      1.0
    ]
  ],
  "I": [
    [
      0.0,
      0.0,
      0.0,
      0.0,
      1.0,
      1.0
    ],
    [
      0.133,
      0.0,
      0.0,
      0.0,
      1.0,
      1.0
    ],
    [
      0.2,
      0.0,
      0.0,
      0.0,
      1.0,
      1.0
    ],
    [
      0.333,
      0.01,
      0.149,
      0.149,
      1.0,
      1.0
    ],
    [
      0.466,
      0.011,
      -0.288,
      -0.288,
      1.0,
      1.0
    ],
    [
      0.6,
      0.000335693359,
      -0.00624063,
      -0.00624063,
      1.0,
      0.465248317
    ],
    [
      0.8256616,
      0.009062748,
      0.000716924,
      0.000716924,
      0.643643856,
      1.0
    ],
    [
      1.066,
      0.0,
      0.0,
      0.0,
      1.0,
      1.0
    ],
    [
      1.133,
      0.0,
      0.0,
      0.0,
      1.0,
      1.0
    ],
    [
      1.4,
      0.0,
      0.0,
      0.0,
      1.0,
      1.0
    ]
  ],
  "U": [
    [
      0.0,
      0.0,
      0.0,
      0.0,
      1.0,
      1.0
    ],
    [
      1.4,
      0.0,
      0.0,
      0.0,
      1.0,
      1.0
    ]
  ],
  "E": [
    [
      0.0,
      0.0,
      0.0,
      0.0,
      1.0,
      1.0
    ],
    [
      1.4,
      0.0,
      0.0,
      0.0,
      1.0,
      1.0
    ]
  ],
  "O": [
    [
      0.0,
      0.0,
      0.0,
      0.0,
      1.0,
      1.0
    ],
    [
      1.4,
      0.0,
      0.0,
      0.0,
      1.0,
      1.0
    ]
  ]
}