{
  "A": [
    [
      0.0,
      0.0,
      0.0,
      0.0,
      1.0,
      1.0
    ],
    [
      0.1773407,
      0.08086598,
      1.27376807,
      1.27376807,
      1.0,
      0.6584722
    ],
    [
      0.335798651,
      0.225897789,
      -0.022401223,
      -0.022401223,
      1.0,
      1.0
    ],
    [
      0.700076044,
      0.189872444,
      -0.0289213937,
      -0.0289213937,
      0.333333343,
      0.572542131
    ],
    [
      1.133,
      0.175,
      0.0,
      0.0,
      1.0,
      1.0
    ]
  ],
  "I": [
    [
      0.0,
      0.0,
      0.0,
      0.0,
      1.0,
      1.0
    ],
    [
      0.066,
      0.0,
      0.0,
      0.0,
      1.0,
      1.0
    ],
    [
      0.133,
      0.0,
      0.0,
      0.0,
      1.0,
      1.0
    ],
    [
      0.2,
      0.02,
      -0.002,
      -0.002,
      1.0,
      1.0
    ],
    [
      0.266,
      0.0,
      0.0,
      0.0,
      1.0,
      1.0
    ],
    [
      0.333,
      0.0,
      0.0,
      0.0,
      1.0,
      1.0
    ],
    [
      0.6,
      0.0,
      0.0,
      0.0,
      1.0,
      1.0
    ],
    [
      0.666,
      0.0,
      0.0,
      0.0,
      1.0,
      1.0
    ],
    [
      1.133,
      0.0,
      0.0,
      0.0,
      1.0,
      1.0
    ]
  ],
  "U": [
    [
      0.0,
      0.0,
      0.0,
      0.0,
      1.0,
      1.0
    ],
    [
      0.466,
      0.0,
      0.0,
      0.0,
      1.0,
      1.0
    ],
    [
      1.133,
      0.1,
      0.0,
      0.0,
      1.0,
      1.0
    ]
  ],
  "E": [
    [
      0.0,
      0.0,
      0.0,
      0.0,
      1.0,
      1.0
    ],
    [
      1.133,
      0.0,
      0.0,
      0.0,
      1.0,
      1.0
    ]
  ],
  "O": [
    [
      0.0,
      0.0,
      0.0,
      0.0,
      1.0,
      1.0
    ],
    [
      1.133,
      0.0,
      0.0,
      0.0,
      1.0,
      1.0
    ]
  ]
}