{
  "A": [
    [
      0.0,
      0.0,
      0.0,
      0.0,
      1.0,
      1.0
    ],
    [
      0.066,
      0.08,
      0.62,
      0.62,
      1.0,
      1.0
    ],
    [
      0.133,
      0.082,
      2.066,
      2.066,
      1.0,
      1.0
    ],
    [
      0.156665042,
      0.144902825,
      3.89,
      3.89,
      1.0,
      1.0
    ],
    [
      0.392997563,
      0.141100347,
      -2.174,
      -2.174,
      1.0,
      1.0
    ],
    [
      0.466,
      0.02,
      -1.885,
      -1.885,
      1.0,
      1.0
    ],
    [
      0.533,
      0.06,
      -0.149,
      -0.149,
      1.0,
      1.0
    ],
    [
      0.6,
      0.0,
      0.0,
      0.0,
      1.0,
      1.0
    ],
    [
      0.666,
      0.0,
      0.0,
      0.0,
      1.0,
      1.0
    ],
    [
      1.0,
      0.0,
      0.0,
      0.0,
      1.0,
      1.0
    ]
  ],
  "I": [
    [
      0.0,
      0.0,
      0.0,
      0.0,
      1.0,
      1.0
    ],
    [
      0.066,
      0.08,
      2.262,
      2.262,
      1.0,
      1.0
    ],
    [
      0.113003358,
      0.169465959,
      0.599,
      0.599,
      1.0,
      1.0
    ],
    [
      0.21667023,
      0.0948754847,
      -1.771,
      -1.771,
      1.0,
      1.0
    ],
    [
      0.266,
      0.066,
      0.07,
      0.07,
      1.0,
      1.0
    ],
    [
      0.316329777,
      0.08930445,
      0.409,
      0.409,
      1.0,
      1.0
    ],
    [
      0.420004278,
      0.05358667,
      -1.139,
      -1.139,
      1.0,
      1.0
    ],
    [
      0.466,
      0.02,
      -0.465,
      -0.465,
      1.0,
      1.0
    ],
    [
      0.533,
      0.0594201647,
      -0.149,
      -0.149,
      1.0,
      1.0
    ],
    [
      0.673333764,
      0.0122375488,
      0.0,
      0.0,
      1.0,
      1.0
    ],
    [
      0.779333353,
      0.006617602,
      0.0,
      0.0,
      1.0,
      1.0
    ],
    [
      1.0,
      0.0,
      0.0,
      0.0,
      1.0,
      1.0
    ]
  ],
  "U": [
    [
      0.0,
      0.0,
      0.0,
      0.0,
      1.0,
      1.0
    ],
    [
      1.0,
      0.0,
      0.0,
      0.0,
      1.0,
      1.0
    ]
  ],
  "E": [
    [
      0.0,
      0.0,
      0.0,
      0.0,
      1.0,
      1.0
    ],
    [
      1.0,
      0.0,
      0.0,
      0.0,
      1.0,
      1.0
    ]
  ],
  "O": [
    [
      0.0,
      0.0,
      0.0,
      0.0,
      1.0,
      1.0
    ],
    [
      1.0,
      0.0,
      0.0,
      0.0,
      1.0,
      1.0
    ]
  ]
}