{
  "A": [
    [
      0.0,
      0.0,
      0.0,
      0.0,
      1.0,
      1.0
    ],
    [
      0.06910898,
      0.109686285,
      3.17542052,
      3.17542052,
      1.0,
      0.224139184
    ],
    [
      0.221772209,
      0.4300463,
      0.0235420223,
      0.0235420223,
      1.0,
      1.0
    ],
    [
      0.3564529,
      0.238388881,
      -0.107114658,
      -0.107114658,
      1.0,
      1.0
    ],
    [
      0.466,
      0.2,
      0.0,
      0.0,
      1.0,
      1.0
    ],
    [
      0.533,
      0.14,
      -1.343,
      -1.343,
      1.0,
      1.0
    ],
    [
      0.6217743,
      0.06345703,
      -1.047,
      -1.047,
      1.0,
      1.0
    ],
    [
      0.6815487,
      0.0237121582,
      0.0,
      0.0,
      1.0,
      1.0
    ],
    [
      0.733,
      0.0,
      0.0,
      0.0,
      1.0,
      1.0
    ],
    [
      0.933,
      0.0,
      0.0,
      0.0,
      1.0,
      1.0
    ]
  ],
  "I": [
    [
      0.0,
      0.0,
      0.0,
      0.0,
      1.0,
      1.0
    ],
    [
      0.2,
      0.0,
      0.0,
      0.0,
      1.0,
      1.0
    ],
    [
      0.278443545,
      0.0904138163,
      0.747,
      0.747,
      1.0,
      1.0
    ],
    [
      0.342323124,
      0.159936517,
      1.14703441,
      1.14703441,
      1.0,
      1.0
    ],
    [
      0.447149158,
      0.191372856,
      0.0,
      0.0,
      1.0,
      1.0
    ],
    [
      0.533,
      0.14,
      -1.343,
      -1.343,
      1.0,
      1.0
    ],
    [
      0.6,
      0.02,
      -1.047,
      -1.047,
      1.0,
      1.0
    ],
    [
      0.666,
      0.0,
      0.0,
      0.0,
      1.0,
      1.0
    ],
    [
      0.733,
      0.0,
      0.0,
      0.0,
      1.0,
      1.0
    ],
    [
      0.933,
      0.0,
      0.0,
      0.0,
      1.0,
      1.0
    ]
  ],
  "U": [
    [
      0.0,
      0.0,
      0.0,
      0.0,
      1.0,
      1.0
    ],
    [
      0.933,
      0.0,
      0.0,
      0.0,
      1.0,
      1.0
    ]
  ],
  "E": [
    [
      0.0,
      0.0,
      0.0,
      0.0,
      1.0,
      1.0
    ],
    [
      0.933,
      0.0,
      0.0,
      0.0,
      1.0,
      1.0
    ]
  ],
  "O": [
    [
      0.0,
      0.0,
      0.0,
      0.0,
      1.0,
      1.0
    ],
    [
      0.933,
      0.0,
      0.0,
      0.0,
      1.0,
      1.0
    ]
  ]
}