{
  "A": [
    [
      0.0,
      0.0,
      0.0,
      0.0,
      1.0,
      1.0
    ],
    [
      0.066,
      0.0,
      0.0,
      0.0,
      1.0,
      1.0
    ],
    [
      0.325886846,
      0.143899322,
      -0.0129791833,
      -0.0129791833,
      0.333333343,
      0.8101318
    ],
    [
      0.5204853,
      0.1256921,
      -0.158496782,
      -0.158496782,
      0.416436,
      0.273210526
    ],
    [
      0.759277,
      0.12059021,
      -0.00711232144,
      -0.00711232144,
      1.0,
      1.0
    ],
    [
      1.00978255,
      0.123200849,
      0.0004346697,
      0.0004346697,
      0.333333343,
      0.333333343
    ],
    [
      1.2,
      0.1,
      0.0,
      0.0,
      1.0,
      1.0
    ]
  ],
  "I": [
    [
      0.0,
      0.0,
      0.0,
      0.0,
      1.0,
      1.0
    ],
    [
      0.2,
      0.0,
      0.0,
      0.0,
      1.0,
      1.0
    ],
    [
      0.266,
      0.0,
      0.0,
      0.0,
      1.0,
      1.0
    ],
    [
      0.3290022,
      0.0288000479,
      0.896,
      0.896,
      1.0,
      1.0
    ],
    [
      0.557002068,
      0.018151857,
      -0.182680249,
      -0.182680249,
      1.0,
      0.8348597
    ],
    [
      0.666,
      0.0,
      0.0,
      0.0,
      1.0,
      1.0
    ],
    [
      1.2,
      0.0,
      0.0,
      0.0,
      1.0,
      1.0
    ]
  ],
  "U": [
    [
      0.0,
      0.0,
      0.0,
      0.0,
      1.0,
      1.0
    ],
    [
      0.066,
      0.0,
      0.0,
      0.0,
      1.0,
      1.0
    ],
    [
      0.133,
      0.0,
      0.0,
      0.0,
      1.0,
      1.0
    ],
    [
      0.245999992,
      0.0492299721,
      -0.07203331,
      -0.07203331,
      1.0,
      1.0
    ],
    [
      0.333,
      0.0,
      0.0,
      0.0,
      1.0,
      1.0
    ],
    [
      0.4,
      0.0,
      0.0,
      0.0,
      1.0,
      1.0
    ],
    [
      1.2,
      0.0,
      0.0,
      0.0,
      1.0,
      1.0
    ]
  ],
  "E": [
    [
      0.0,
      0.0,
      0.0,
      0.0,
      1.0,
      1.0
    ],
    [
      1.2,
      0.0,
      0.0,
      0.0,
      1.0,
      1.0
    ]
  ],
  "O": [
    [
      0.0,
      0.0,
      0.0,
      0.0,
      1.0,
      1.0
    ],
    [
      1.2,
      0.0,
      0.0,
      0.0,
      1.0,
      1.0
    ]
  ]
}