{
  "A": [
    [
      0.0,
      0.0,
      0.0,
      0.0,
      1.0,
      1.0
    ],
    [
      0.292251527,
      0.2888977,
      0.195704952,
      0.195704952,
      0.719153464,
      0.115143456
    ],
    [
      0.5453762,
      0.242609859,
      -0.5314377,
      -0.5314377,
      1.0,
      0.189080358
    ],
    [
      0.670274734,
      0.147056878,
      0.0171699338,
      0.0171699338,
      1.0,
      0.5650015
    ],
    [
      1.01757777,
      0.119668573,
      -0.206317768,
      -0.206317768,
      1.0,
      1.0
    ],
    [
      1.18777871,
      0.08657959,
      -0.03910319,
      -0.03910319,
      1.0,
      0.7260767
    ],
    [
      1.466,
      0.0,
      0.0,
      0.0,
      1.0,
      1.0
    ]
  ],
  "I": [
    [
      0.0,
      0.0,
      0.0,
      0.0,
      1.0,
      1.0
    ],
    [
      0.066,
      0.04,
      0.005,
      0.005,
      1.0,
      1.0
    ],
    [
      0.133,
      0.0,
      0.0,
      0.0,
      1.0,
      1.0
    ],
    [
      0.2,
      0.0,
      0.0,
      0.0,
      1.0,
      1.0
    ],
    [
      0.266,
      0.02,
      0.077,
      0.077,
      1.0,
      1.0
    ],
    [
      0.333,
      0.01,
      0.0,
      0.0,
      1.0,
      1.0
    ],
    [
      0.4,
      0.02,
      0.984,
      0.984,
      1.0,
      1.0
    ],
    [
      0.4513363,
      0.0901915,
      0.461,
      0.461,
      1.0,
      1.0
    ],
    [
      0.596522331,
      0.08980377,
      -1.045,
      -1.045,
      1.0,
      1.0
    ],
    [
      0.6,
      0.0,
      0.0,
      0.0,
      1.0,
      1.0
    ],
    [
      0.666,
      0.0,
      0.0,
      0.0,
      1.0,
      1.0
    ],
    [
      1.466,
      0.0,
      0.0,
      0.0,
      1.0,
      1.0
    ]
  ],
  "U": [
    [
      0.0,
      0.0,
      0.0,
      0.0,
      1.0,
      1.0
    ],
    [
      1.466,
      0.0,
      0.0,
      0.0,
      1.0,
      1.0
    ]
  ],
  "E": [
    [
      0.0,
      0.0,
      0.0,
      0.0,
      1.0,
      1.0
    ],
    [
      1.466,
      0.0,
      0.0,
      0.0,
      1.0,
      1.0
    ]
  ],
  "O": [
    [
      0.0,
      0.0,
      0.0,
      0.0,
      1.0,
      1.0
    ],
    [
      0.066,
      0.0,
      0.0,
      0.0,
      1.0,
      1.0
    ],
    [
      0.172093019,
      0.04925781,
      0.031,
      0.031,
      1.0,
      1.0
    ],
    [
      0.2,
      0.004,
      -0.449,
      -0.449,
      1.0,
      1.0
    ],
    [
      0.266,
      0.0,
      0.0,
      0.0,
      1.0,
      1.0
    ],
    [
      1.466,
      0.0,
      0.0,
      0.0,
      1.0,
      1.0
    ]
  ]
}