{
  "A": [
    [
      0.0,
      0.0,
      0.0,
      0.0,
      1.0,
      1.0
    ],
    [
      0.185972229,
      0.07190026,
      0.17496115,
      0.17496115,
      1.0,
      0.190328971
    ],
    [
      0.546333134,
      0.123875692,
      -0.05539375,
      -0.05539375,
      0.307100981,
      1.0
    ],
    [
      0.981874,
      0.0675241053,
      0.0,
      0.0,
      1.0,
      1.0
    ],
    [
      1.333,
      0.075,
      0.0,
      0.0,
      1.0,
      1.0
    ]
  ],
  "I": [
    [
      0.0,
      0.0,
      0.0,
      0.0,
      1.0,
      1.0
    ],
    [
      0.066,
      0.0,
      0.0,
      0.0,
      1.0,
      1.0
    ],
    [
      0.168899417,
      0.028757818,
      0.239553869,
      0.239553869,
      1.0,
      0.1952255
    ],
    [
      0.6266571,
      0.0,
      0.000198170383,
      0.000198170383,
      1.0,
      0.495735049
    ],
    [
      1.2,
      0.0,
      0.0,
      0.0,
      1.0,
      1.0
    ],
    [
      1.333,
      0.0,
      0.0,
      0.0,
      1.0,
      1.0
    ]
  ],
  "U": [
    [
      0.0,
      0.0,
      0.0,
      0.0,
      1.0,
      1.0
    ],
    [
      0.09710504,
      0.0420050025,
      0.006523805,
      0.006523805,
      1.0,
      0.9563311
    ],
    [
      0.266,
      0.0,
      0.0,
      0.0,
      1.0,
      1.0
    ],
    [
      1.333,
      0.0,
      0.0,
      0.0,
      1.0,
      1.0
    ]
  ],
  "E": [
    [
      0.0,
      0.0,
      0.0,
      0.0,
      1.0,
      1.0
    ],
    [
      1.333,
      0.0,
      0.0,
      0.0,
      1.0,
      1.0
    ]
  ],
  "O": [
    [
      0.0,
      0.0,
      0.0,
      0.0,
      1.0,
      1.0
    ],
    [
      1.333,
      0.0,
      0.0,
      0.0,
      1.0,
      1.0
    ]
  ]
}