{
  "configs": {
    "ss_control_center": {
      "id": "ss_control_center",
      "position": {
        "x": -9.842217e-05,
        "y": 2.479844,
        "z": 4.63620758
      },
      "rotation": {
        "x": 2.68251443,
        "y": 180.0,
        "z": 5.793333e-05
      },
      "fov": 45.0,
      "tweenTime": 0.5,
      "blendStyle": 2,
      "enableFixedStartCam": true,
      "thresholdAngle": 90.0,
      "startPosition": {
        "x": -0.09654878,
        "y": 2.26920128,
        "z": 6.096901
      },
      "startRotation": {
        "x": 2.9575417,
        "y": 180.034286,
        "z": 5.79920561e-05
      }
    },
    "ss_control_center_upgrade": {
      "id": "ss_control_center_upgrade",
      "position": {
        "x": -1.44323611,
        "y": 1.81749249,
        "z": 9.728996
      },
      "rotation": {
        "x": 357.869659,
        "y": 179.62175,
        "z": 5.795617e-05
      },
      "fov": 55.0,
      "tweenTime": 0.5,
      "blendStyle": 2,
      "enableFixedStartCam": true,
      "thresholdAngle": 90.0,
      "startPosition": {
        "x": -0.0965487659,
        "y": 2.26920128,
        "z": 6.09693146
      },
      "startRotation": {
        "x": 2.957542,
        "y": 180.034286,
        "z": 5.79920561e-05
      }
    },
    "ss_grow_cabin_1": {
      "id": "ss_grow_cabin_1",
      "position": {
        "x": 0.02309406,
        "y": 1.499366,
        "z": 0.8382999
      },
      "rotation": {
        "x": 16.0209885,
        "y": 179.140244,
        "z": 0.000267314841
      },
      "fov": 45.0,
      "tweenTime": 0.5,
      "blendStyle": 2,
      "enableFixedStartCam": true,
      "thresholdAngle": 90.0,
      "startPosition": {
        "x": 0.0,
        "y": 2.0,
        "z": 3.0
      },
      "startRotation": {
        "x": 12.5,
        "y": 180.0,
        "z": 0.0
      }
    },
    "ss_grow_cabin_1_upgrade": {
      "id": "ss_grow_cabin_1_upgrade",
      "position": {
        "x": -2.32954478,
        "y": 1.4477005,
        "z": 4.276656
      },
      "rotation": {
        "x": 1.7199868,
        "y": 163.4645,
        "z": -1.81508653e-06
      },
      "fov": 55.0,
      "tweenTime": 0.5,
      "blendStyle": 2,
      "enableFixedStartCam": true,
      "thresholdAngle": 90.0,
      "startPosition": {
        "x": 0.0,
        "y": 2.0,
        "z": 3.0
      },
      "startRotation": {
        "x": 12.5,
        "y": 180.0,
        "z": 0.0
      }
    },
    "ss_manufacturing_station_1": {
      "id": "ss_manufacturing_station_1",
      "position": {
        "x": 0.0230942983,
        "y": 1.49936593,
        "z": 0.8383008
      },
      "rotation": {
        "x": 16.0209885,
        "y": 179.140244,
        "z": 0.000267203781
      },
      "fov": 45.0,
      "tweenTime": 0.5,
      "blendStyle": 2,
      "enableFixedStartCam": true,
      "thresholdAngle": 90.0,
      "startPosition": {
        "x": 0.0,
        "y": 2.0,
        "z": 3.0
      },
      "startRotation": {
        "x": 12.5,
        "y": 180.0,
        "z": 0.0
      }
    },
    "ss_manufacturing_station_1_upgrade": {
      "id": "ss_manufacturing_station_1_upgrade",
      "position": {
        "x": -1.14647639,
        "y": 1.7,
        "z": 4.95981646
      },
      "rotation": {
        "x": 358.4197,
        "y": 180.0,
        "z": 0.0
      },
      "fov": 55.0,
      "tweenTime": 0.5,
      "blendStyle": 2,
      "enableFixedStartCam": true,
      "thresholdAngle": 90.0,
      "startPosition": {
        "x": 0.0,
        "y": 2.0,
        "z": 3.0
      },
      "startRotation": {
        "x": 12.5,
        "y": 180.0,
        "z": 0.0
      }
    },
    "ss_manufacturing_station_2": {
      "id": "ss_manufacturing_station_2",
      "position": {
        "x": 0.0230942983,
        "y": 1.49936593,
        "z": 0.8382999
      },
      "rotation": {
        "x": 16.0209885,
        "y": 179.140244,
        "z": 0.000267314841
      },
      "fov": 45.0,
      "tweenTime": 0.5,
      "blendStyle": 2,
      "enableFixedStartCam": true,
      "thresholdAngle": 90.0,
      "startPosition": {
        "x": 0.0,
        "y": 2.0,
        "z": 3.0
      },
      "startRotation": {
        "x": 12.5,
        "y": 180.0,
        "z": 0.0
      }
    },
    "ss_manufacturing_station_2_upgrade": {
      "id": "ss_manufacturing_station_2_upgrade",
      "position": {
        "x": -1.146476,
        "y": 1.7,
        "z": 4.959816
      },
      "rotation": {
        "x": 358.4197,
        "y": 180.0,
        "z": 0.0
      },
      "fov": 55.0,
      "tweenTime": 0.5,
      "blendStyle": 2,
      "enableFixedStartCam": true,
      "thresholdAngle": 90.0,
      "startPosition": {
        "x": 0.0,
        "y": 2.0,
        "z": 3.0
      },
      "startRotation": {
        "x": 12.5,
        "y": 180.0,
        "z": 0.0
      }
    }
  }
}