{
  "A": [
    [
      0.0,
      0.0,
      0.0,
      0.0,
      1.0,
      1.0
    ],
    [
      0.1445509,
      0.180452287,
      0.0595238954,
      0.0595238954,
      1.0,
      0.8724368
    ],
    [
      0.3018542,
      0.18328926,
      -0.1269723,
      -0.1269723,
      1.0,
      0.623634636
    ],
    [
      0.542260766,
      0.153610229,
      0.0,
      0.0,
      1.0,
      1.0
    ],
    [
      0.866,
      0.175,
      0.0,
      0.0,
      1.0,
      1.0
    ]
  ],
  "I": [
    [
      0.0,
      0.0,
      0.0,
      0.0,
      1.0,
      1.0
    ],
    [
      0.132393345,
      0.0141564533,
      0.05210527,
      0.05210527,
      1.0,
      0.217187732
    ],
    [
      0.4550581,
      0.01810791,
      -0.127745315,
      -0.127745315,
      0.247288957,
      1.0
    ],
    [
      0.6,
      0.0,
      0.0,
      0.0,
      1.0,
      1.0
    ],
    [
      0.666,
      0.0,
      0.0,
      0.0,
      1.0,
      1.0
    ],
    [
      0.866,
      0.0,
      0.0,
      0.0,
      1.0,
      1.0
    ]
  ],
  "U": [
    [
      0.0,
      0.0,
      0.0,
      0.0,
      1.0,
      1.0
    ],
    [
      0.866,
      0.0,
      0.0,
      0.0,
      1.0,
      1.0
    ]
  ],
  "E": [
    [
      0.0,
      0.0,
      0.0,
      0.0,
      1.0,
      1.0
    ],
    [
      0.866,
      0.0,
      0.0,
      0.0,
      1.0,
      1.0
    ]
  ],
  "O": [
    [
      0.0,
      0.0,
      0.0,
      0.0,
      1.0,
      1.0
    ],
    [
      0.866,
      0.0,
      0.0,
      0.0,
      1.0,
      1.0
    ]
  ]
}