{
  "A": [
    [
      0.0,
      0.0,
      0.0,
      0.0,
      1.0,
      1.0
    ],
    [
      0.172670215,
      0.0379260629,
      0.26277557,
      0.26277557,
      1.0,
      1.0
    ],
    [
      0.3863325,
      0.09831543,
      0.0,
      0.0,
      1.0,
      1.0
    ],
    [
      0.609994531,
      0.06969605,
      -0.171518654,
      -0.171518654,
      0.748447061,
      1.0
    ],
    [
      1.0,
      0.075,
      0.0,
      0.0,
      1.0,
      1.0
    ]
  ],
  "I": [
    [
      0.0,
      0.0,
      0.0,
      0.0,
      1.0,
      1.0
    ],
    [
      0.666,
      0.0,
      0.0,
      0.0,
      1.0,
      1.0
    ],
    [
      1.0,
      0.0,
      0.0,
      0.0,
      1.0,
      1.0
    ]
  ],
  "U": [
    [
      0.0,
      0.0,
      0.0,
      0.0,
      1.0,
      1.0
    ],
    [
      1.0,
      0.0,
      0.0,
      0.0,
      1.0,
      1.0
    ]
  ],
  "E": [
    [
      0.0,
      0.0,
      0.0,
      0.0,
      1.0,
      1.0
    ],
    [
      1.0,
      0.0,
      0.0,
      0.0,
      1.0,
      1.0
    ]
  ],
  "O": [
    [
      0.0,
      0.0,
      0.0,
      0.0,
      1.0,
      1.0
    ],
    [
      1.0,
      0.0,
      0.0,
      0.0,
      1.0,
      1.0
    ]
  ]
}